{
  "max": 99,
  "data": [
    {
      "x": 106.58753,
      "y": 29.56783,
      "radius": 50,
      "value": 100
    },
    {
      "x": 106.550103,
      "y": 29.55037,
      "radius": 50,
      "value": 100
    },
    {
      "x": 106.54347,
      "y": 29.557988,
      "radius": 50,
      "value": 100
    }
    
  ]
}